,f0,f1,f2,f3,f4,f6,f5,f7,f8,f9,f10,f11,f12,label
0,2282,33,321,9792,20,498,7735,2,0,0,0,0,1,2
1,267,30,82,2368,3,65,2254,2,4,0,0,0,0,1
2,3509,556,587,22505,65,564,17699,7,4,0,1,0,0,1
3,3331,132,598,11715,58,713,8896,2,1,0,0,0,0,3
4,471,41,46,2082,3,146,2269,3,2,0,0,1,1,1
5,251,17,62,2679,11,156,3997,0,2,0,0,1,0,1
6,1251,107,215,4680,38,203,4777,0,3,0,0,0,1,2
7,2607,626,944,9412,87,230,7108,2,2,0,0,0,0,1
8,2414,571,1152,9243,74,158,6029,0,2,0,0,0,0,1
9,2949,484,273,10611,30,339,5913,2,0,0,0,2,3,1
10,1078,186,88,10172,6,302,9226,3,1,0,0,1,0,1
11,3301,943,1110,18030,157,842,10966,2,1,0,0,0,0,1
12,1805,357,325,9034,20,568,8029,2,2,0,0,0,0,1
13,1934,503,703,11691,137,533,13769,1,1,0,0,0,0,1
14,1352,265,395,8908,68,576,12703,3,1,0,1,1,4,1
15,123,22,110,1938,10,65,2070,2,1,0,0,2,1,4
16,319,88,71,3341,13,63,2987,34,15,1,3,3,0,1
17,122,0,26,470,2,19,643,11,5,0,1,0,0,1
18,2398,481,502,15046,39,309,9646,0,2,0,0,1,0,1
19,2413,128,407,8141,37,251,7488,4,5,0,0,0,0,1
20,2946,134,1032,16751,128,732,19640,0,0,0,0,0,1,2
21,607,142,151,2951,26,129,2648,4,2,0,1,2,0,1
22,3452,354,558,20567,72,693,18241,0,0,0,0,0,1,1
23,2179,54,217,12784,23,294,10418,5,1,0,1,1,0,1
24,3289,1520,1213,19654,177,933,12739,0,1,0,0,0,0,1
25,2268,513,510,14786,47,1095,11671,1,1,0,0,0,0,1
26,2685,186,340,20551,68,480,19890,1,0,0,0,0,1,1
27,2816,261,455,13261,43,521,9912,8,3,0,0,0,0,1
28,2397,631,460,17397,74,1483,21187,3,1,0,0,0,0,1
29,212,80,40,1287,10,43,1556,5,8,0,3,3,0,1
30,1766,385,416,9641,65,162,8384,2,1,0,0,3,0,1
31,309,18,44,1653,6,82,1661,4,2,0,1,0,0,1
32,2280,1458,910,21086,97,439,24372,4,18,0,0,1,1,1
33,708,90,156,3310,14,70,2448,3,8,0,0,0,0,1
34,2494,162,320,9172,39,927,7576,3,1,0,0,0,0,1
35,1111,262,229,9962,42,235,7168,1,2,0,0,1,0,1
36,928,65,128,4409,11,125,3849,1,5,1,1,0,0,1
37,1387,232,343,6672,28,161,7019,1,3,0,0,1,0,1
38,867,150,52,4373,5,60,2687,1,1,0,2,0,0,1
39,1692,257,887,8377,55,497,8523,1,1,0,0,0,2,1
40,2093,395,577,14913,56,400,12763,4,3,0,0,0,0,1
41,3291,348,553,14240,55,754,11235,3,1,0,1,1,0,1
42,999,331,418,8163,73,217,6010,2,1,0,0,0,0,1
43,2220,199,498,10234,62,244,9083,6,6,0,1,0,0,1
44,487,129,90,5538,15,197,6155,14,6,0,3,2,0,1
45,3208,386,209,20986,31,716,22231,0,3,0,0,0,0,1
46,663,12,90,5750,14,169,10765,0,0,0,0,0,1,1
47,1301,161,223,7443,25,225,8263,12,6,0,1,6,0,1
48,1348,231,311,6888,33,441,5864,2,1,0,0,0,0,1
49,2184,128,522,9516,62,309,9436,2,1,0,0,1,0,1
50,158,8,48,1069,6,33,1303,10,3,0,0,1,0,6
51,3324,741,1048,16091,121,718,10492,0,2,0,0,0,1,7
52,4231,692,542,19549,78,1563,20987,2,4,0,0,0,0,1
53,946,214,294,7325,29,672,7823,6,1,0,1,0,0,7
54,1408,136,342,5709,46,162,5249,3,1,0,0,0,0,8
55,2200,471,1233,16511,115,676,13545,0,0,0,0,0,2,1
56,86,3,30,666,6,22,697,5,1,0,0,0,0,1
57,4783,656,1113,20405,173,1530,21831,0,0,0,0,0,0,1
58,3097,210,651,16783,98,881,17347,3,1,0,0,3,0,1
59,2475,224,213,12311,31,748,11300,7,6,0,0,3,0,1
60,1851,393,461,9349,53,356,8532,2,2,0,0,0,0,1
61,1492,124,229,21798,30,356,23212,14,5,0,1,0,0,1
62,1874,286,128,9831,10,165,8263,4,2,0,0,0,0,1
63,2250,348,246,18849,44,475,14587,12,5,1,1,2,0,1
64,1190,496,288,11633,23,430,10361,5,7,0,0,1,0,1
65,540,101,119,4286,28,117,4119,2,0,0,0,1,0,1
66,3117,145,642,12697,86,344,9844,0,1,0,0,0,0,1
67,2491,282,753,14313,82,686,14271,2,2,0,0,0,0,1
68,2585,433,484,13586,47,761,11949,0,0,0,0,0,1,1
69,1414,287,121,8041,14,484,7581,6,3,0,0,0,0,1
70,613,145,117,4540,20,257,4033,10,7,0,3,5,0,7
71,1356,90,606,10760,72,291,12693,10,4,0,1,0,0,1
72,4234,298,418,19629,53,1157,15470,4,3,0,0,1,0,1
73,2239,336,389,11231,28,547,8247,3,3,1,0,1,2,1
74,1415,296,319,7816,39,400,7586,1,1,0,0,0,0,1
75,3422,879,761,15198,74,707,9353,2,2,0,0,0,0,1
76,2153,362,474,8620,152,603,19378,4,1,0,0,0,1,1
77,2397,186,230,9124,22,311,6564,1,1,0,0,0,0,1
78,1733,231,288,9481,28,429,8842,0,0,0,0,1,0,1
79,1513,103,155,11159,41,300,11806,1,0,0,0,0,1,1
80,2050,163,631,5840,65,246,5098,0,1,0,0,0,0,1
81,127,78,101,2425,6,118,1901,3,1,0,0,0,0,1
82,564,90,40,3338,4,52,1989,0,0,0,0,0,0,1
83,589,227,107,3793,9,66,2625,2,1,0,0,0,0,1
84,554,88,32,3357,1,45,2465,3,1,0,0,0,0,1
85,1002,106,125,6574,19,261,7258,9,10,0,0,2,0,1
86,2851,345,345,24699,40,695,20285,17,4,0,0,0,0,1
87,4485,472,504,22040,55,410,18721,1,1,0,0,3,3,1
88,119,3,19,447,3,35,397,3,3,0,0,0,0,1
89,3281,335,348,25091,35,599,22129,28,7,0,0,1,0,1
90,1967,56,264,11262,34,250,9462,3,5,0,0,0,0,1
91,4242,428,809,16868,125,707,16819,4,1,0,1,0,0,1
92,3010,851,790,21508,95,983,16155,1,1,0,1,0,0,1
93,2005,159,457,7794,43,544,6901,0,1,0,0,0,0,1
94,3449,468,726,17470,131,1776,18094,2,1,0,0,0,0,1
95,1839,144,1010,8200,73,396,8064,1,1,0,0,0,1,1
96,6055,307,542,27143,72,1719,24170,5,1,0,1,1,0,1
97,461,139,259,3150,21,95,2340,0,2,0,0,0,0,1
98,1604,161,410,9884,70,552,11768,2,1,0,0,0,0,1
99,115,28,90,6372,27,69,6092,23,8,0,3,4,0,1
100,1394,184,280,8020,35,274,9350,1,1,0,0,0,0,1
101,2970,405,252,11421,31,487,8031,7,2,0,0,1,0,1
102,640,55,57,3019,9,92,3126,2,1,0,1,0,0,9
103,3389,585,816,15228,64,480,17051,0,0,0,0,0,0,1
104,634,20,39,8117,15,260,6210,3,2,1,0,0,0,1
105,1128,266,301,6851,54,231,4714,2,2,0,1,0,0,1
106,4935,495,455,19027,51,968,19459,4,1,0,0,0,0,1
107,3550,468,417,29953,36,669,19564,0,1,0,0,1,0,1
108,4219,426,429,17576,45,871,16416,13,2,0,0,2,0,1
109,4340,1022,624,19300,94,790,12064,0,0,1,0,0,0,1
110,1529,420,422,14524,33,184,11678,6,5,0,0,1,0,1
111,974,217,445,6700,46,354,7498,7,3,0,0,0,0,1
112,2919,264,419,21239,26,1115,19531,0,0,0,0,0,1,1
113,945,40,268,5870,66,596,9679,0,1,0,0,0,0,1
114,1191,152,394,7661,81,409,9477,4,0,0,0,0,1,1
115,2820,747,571,9870,90,229,7473,1,1,0,0,1,1,1
116,509,13,51,2690,13,72,2726,3,1,0,1,0,0,1
117,3049,420,651,11400,42,750,12239,0,1,0,0,0,0,1
118,2745,482,963,18819,123,369,20274,5,4,0,0,1,0,1
119,1078,194,121,7078,4,135,6617,0,3,0,0,0,0,1
120,1757,297,413,10566,57,389,7852,2,0,1,0,1,0,1
121,3753,629,444,15108,78,878,13280,3,2,0,0,2,0,7
122,2026,179,768,9218,65,596,10581,4,9,0,4,1,0,1
123,496,21,39,3430,15,148,4113,3,3,1,1,0,1,1
124,1739,155,553,12220,43,673,9935,3,1,0,0,0,0,1
125,2440,349,366,17272,30,307,14623,15,1,0,0,0,0,1
126,1560,92,132,9087,20,240,9160,7,3,0,0,0,0,1
127,1991,170,301,8855,56,233,7754,2,2,0,0,0,0,1
128,1865,184,388,12285,45,419,11480,7,3,0,0,1,0,1
129,206,38,73,1420,2,41,1267,2,1,0,0,4,0,1
130,2180,350,694,15572,103,592,17536,6,1,0,0,0,0,1
131,1603,159,467,10987,65,425,10856,0,1,0,0,0,0,1
132,1782,131,236,9036,24,485,7174,0,2,0,0,0,1,1
133,1867,362,226,15635,17,405,14916,0,0,1,0,0,0,1
134,4253,441,692,21448,55,702,16531,5,1,2,0,0,0,1
135,1317,342,146,7465,12,484,7540,1,1,0,0,0,0,1
136,3122,420,360,11793,24,576,10770,4,6,0,0,1,2,1
137,2036,189,454,13154,104,368,11532,0,0,0,0,0,1,1
138,2495,355,397,11054,62,642,7895,1,1,0,0,1,0,1
139,1787,65,153,3197,14,104,2552,2,1,0,1,0,0,2
140,2041,186,639,7890,81,505,4775,2,1,0,1,0,1,1
141,2364,318,656,11913,100,229,9233,3,2,0,0,0,0,2
142,3532,312,240,21985,49,533,17959,1,1,0,0,0,0,1
143,1563,131,660,10212,86,543,10635,2,2,0,0,0,0,8
144,1296,267,231,7948,23,248,6144,3,8,0,0,0,0,1
145,746,17,80,5417,20,227,6936,3,1,0,0,1,0,1
146,1385,166,369,10026,72,163,10356,3,2,0,0,2,0,1
147,2421,330,627,15396,139,536,15238,1,1,0,0,0,0,1
148,1656,103,231,10046,31,543,12856,5,5,0,1,0,0,1
149,301,23,133,1923,21,64,2700,7,17,0,1,0,0,1
150,4266,450,797,23885,58,1238,19123,9,1,1,1,3,0,1
151,2321,221,264,11260,34,467,7240,1,1,0,0,0,0,7
152,906,55,70,3252,9,160,2422,0,1,0,0,0,0,1
153,2661,338,556,9966,50,640,9971,3,5,0,0,0,1,1
154,3824,161,429,12652,50,525,11691,2,1,0,0,0,0,1
155,2426,622,829,11114,55,210,6238,0,1,0,0,0,1,1
156,1778,96,141,6510,31,173,6118,3,1,0,0,0,0,1
157,4999,366,606,19308,50,1260,16542,0,1,0,0,0,1,2
158,626,74,29,3646,3,188,3142,0,0,1,0,1,0,1
159,3498,1903,531,21190,43,266,17124,1,1,0,0,0,0,1
160,2932,255,1271,20653,173,815,21469,14,3,0,0,3,1,1
161,5974,1202,1360,23697,166,1742,21419,3,2,0,0,0,0,1
162,1252,257,1197,12012,147,492,11295,2,1,0,0,0,1,1
163,951,12,133,5180,22,213,7338,1,2,0,0,1,0,1
164,2732,464,407,12551,41,987,9812,4,3,0,1,5,0,1
165,863,70,106,4133,11,141,5048,4,3,0,0,0,0,1
166,2314,166,322,12452,65,191,9563,0,2,0,0,0,0,1
167,502,159,300,4748,47,73,5137,2,3,0,0,0,0,1
168,2247,187,436,10614,53,484,8946,0,4,0,0,0,0,3
169,1788,155,157,8739,31,242,8668,3,4,0,0,2,1,1
170,1802,243,273,9790,32,329,8137,4,1,0,0,0,0,1
171,1792,183,176,7464,26,168,5780,2,1,0,0,0,0,1
172,815,70,240,4623,41,269,4994,8,4,0,0,0,0,2
173,229,18,82,1906,11,91,1819,3,2,0,0,0,0,2
174,1636,183,454,7154,110,217,7894,3,5,0,0,0,0,1
175,347,34,99,1757,14,86,1785,8,2,0,0,0,0,2
176,421,8,112,1792,21,121,2054,1,1,0,1,0,0,2
177,375,3,101,1497,16,97,1590,2,2,0,0,0,0,2
178,472,44,137,2395,9,108,2166,2,1,0,1,0,0,1
179,1464,290,447,7223,36,355,6199,1,1,0,0,0,0,1
180,3321,391,702,20767,74,1202,19701,2,0,0,0,6,9,1
181,2374,224,609,9475,109,430,8004,1,1,0,0,1,1,3
182,2456,336,289,12064,27,485,9049,2,2,0,0,2,2,1
183,1270,140,220,6525,19,271,5838,0,8,0,0,0,0,1
184,3069,381,470,12141,65,452,8048,0,1,0,0,0,1,2
185,1192,44,267,8834,35,356,8400,0,2,0,0,0,0,2
186,1377,249,316,6366,30,304,6128,2,3,0,1,0,1,1
187,1957,152,424,10771,49,566,9854,2,5,0,1,0,0,2
188,1956,130,397,10540,45,357,14296,0,1,0,0,0,0,1
189,2149,154,253,11491,38,548,11793,1,1,0,0,0,2,1
190,1252,112,168,9762,32,363,9088,2,1,0,0,0,0,1
191,225,28,17,1981,2,88,2049,4,2,0,0,0,0,1
192,1908,185,586,11191,71,256,8240,1,2,0,0,0,0,2
193,1745,271,77,14294,13,252,11003,2,1,0,0,0,0,1
194,1001,180,327,5056,29,715,3483,0,1,0,0,0,0,1
195,1786,100,288,8088,30,359,6910,3,2,0,0,0,0,2
196,2144,269,515,14574,94,1198,12654,4,2,0,0,1,0,1
197,1794,223,478,8419,39,258,9978,4,2,0,0,0,0,3
198,1879,106,182,8016,22,322,5537,0,2,0,0,0,0,1
199,685,142,243,7860,36,189,8907,0,0,1,0,0,0,1
200,594,58,56,4228,7,167,4134,3,8,4,0,0,0,2
201,1324,256,489,10237,54,665,9602,0,2,0,0,0,0,1
202,677,86,93,4379,14,93,3833,4,1,0,0,0,0,1
203,449,127,194,4403,22,109,3890,0,1,0,0,0,0,1
204,2618,364,497,11831,54,338,9382,4,1,0,0,1,0,1
205,225,10,53,942,14,34,1013,0,4,3,0,1,0,1
206,2015,269,154,9961,17,133,8620,1,1,0,0,0,0,1
207,502,42,110,5746,30,261,8304,12,4,1,0,0,0,1
208,242,8,18,1826,0,61,1745,3,4,0,1,2,0,3
209,1596,521,259,10858,30,863,10558,4,1,0,0,0,0,1
210,2511,426,240,9531,24,197,6893,7,3,0,2,0,0,1
211,1006,147,133,4669,6,245,4068,1,1,0,0,0,1,2
212,696,167,55,4157,2,343,3469,1,0,0,0,1,0,2
213,1534,385,603,16932,47,251,13034,20,80,0,0,0,0,1
214,308,14,56,2983,10,106,4186,5,1,1,0,0,2,1
215,104,0,18,1087,2,60,1488,4,4,0,0,4,0,1
216,895,138,257,6842,8,189,7345,8,1,0,1,4,0,1
217,2371,279,374,11709,39,345,9628,2,1,0,0,0,0,1
218,2498,265,786,10525,43,423,8250,3,1,0,0,2,1,1
219,2698,528,598,11895,38,458,8256,4,2,0,0,1,0,1
220,2653,330,494,22093,75,395,18638,7,1,0,0,0,0,1
221,1762,57,195,14662,53,638,21781,1,0,0,0,1,1,1
222,555,117,105,4349,12,101,3863,6,2,0,0,0,0,1
223,307,33,10,3002,2,106,3006,0,1,1,0,0,0,7
224,1316,69,200,7877,44,152,6589,14,4,0,2,0,1,1
225,1719,382,251,8489,39,81,5741,4,3,0,0,0,1,7
226,618,23,33,7428,3,291,11612,9,3,0,2,0,0,8
227,1637,47,100,8988,10,206,10379,7,1,0,0,2,1,8
228,1881,437,437,11532,35,380,11574,0,0,0,0,0,1,1
229,1888,100,350,16925,58,424,18554,7,1,0,1,0,0,8
230,767,77,344,4859,71,245,5796,0,1,0,0,2,0,1
231,3450,560,505,18000,75,614,12832,1,1,0,0,0,2,1
232,2806,509,379,14131,45,537,12730,3,1,0,1,0,0,1
233,2143,303,449,12007,85,418,11875,3,1,0,0,0,0,1
234,1472,89,154,6368,22,106,6458,0,5,0,0,0,0,1
235,3768,717,509,17486,83,905,15165,2,2,0,0,1,2,1
236,1208,84,266,5499,44,250,6993,0,0,0,0,0,1,1
237,3826,703,441,15919,69,684,18896,13,4,0,0,0,0,1
238,2709,276,427,14244,68,718,13648,0,1,0,1,0,0,1
239,438,86,149,3155,40,159,5020,0,4,0,0,0,1,1
240,1887,153,474,11558,50,302,11802,1,0,0,0,0,0,8
241,571,287,294,9550,36,126,8139,9,5,0,0,2,1,1
242,1252,219,95,5935,6,135,4777,0,2,0,0,0,0,1
243,2643,341,501,10649,38,787,8986,2,1,0,0,0,0,1
244,1000,133,258,6102,49,196,6249,4,2,0,0,1,0,1
245,1305,105,247,12519,22,261,11263,0,3,0,0,0,0,1
246,269,28,93,1464,6,69,1880,1,1,0,0,0,0,1
247,552,30,103,3338,4,100,2536,4,5,0,0,0,0,1
248,235,19,57,962,8,20,977,2,1,0,0,3,0,1
249,4445,320,337,21569,45,888,15850,4,1,0,0,1,1,1
250,2118,92,354,4975,83,119,9995,0,1,2,0,0,0,1
251,67,12,44,883,8,18,1515,1,2,0,0,0,0,1
252,436,13,265,3139,23,54,3667,3,2,0,0,0,0,1
253,321,38,46,1541,12,49,1726,1,1,0,0,0,0,1
254,389,58,84,2183,14,55,2449,10,7,0,0,1,0,1
255,798,25,192,4651,21,172,5477,3,1,0,0,0,0,1
256,2950,284,1061,16733,100,459,18097,1,1,0,0,0,0,1
257,144,7,47,1531,4,50,1480,11,7,0,0,0,1,1
258,979,176,117,5035,15,86,4167,2,1,0,0,0,0,1
259,194,15,43,1711,10,31,3063,12,3,0,1,0,0,1
260,1309,89,175,5932,19,96,4465,1,1,0,0,0,0,1
261,2570,334,593,13213,82,219,9316,1,2,0,0,2,0,2
262,1274,153,194,9134,16,316,6345,6,4,0,0,0,0,7
263,4692,687,736,23258,75,840,16690,1,1,0,0,0,1,1
264,142,20,135,1548,21,64,1365,2,2,0,0,0,0,1
265,273,43,138,2704,25,104,2226,4,3,0,1,0,0,1
266,358,94,133,2854,19,85,2093,1,1,0,0,0,0,1
267,1412,378,249,11218,38,234,10255,1,1,0,0,0,0,1
268,1110,25,185,8141,19,280,14115,3,0,0,0,1,0,8
269,1492,333,251,8428,52,520,9020,2,2,0,0,1,0,1
270,1855,118,365,9867,38,464,7001,9,10,0,0,0,0,1
271,158,10,36,982,3,71,1324,4,3,0,0,0,2,1
272,243,0,37,1015,8,56,1275,1,1,0,0,2,0,1
273,2888,571,558,12289,54,783,9086,0,2,0,0,0,0,1
274,272,47,81,1210,20,73,1171,2,2,0,0,0,0,1
275,1933,282,318,12278,24,370,7132,1,0,0,0,0,1,1
276,238,22,132,1459,19,50,2138,14,6,0,2,4,0,1
277,159,31,101,1407,24,43,2061,7,2,0,2,2,0,1
278,283,41,212,2736,34,87,3588,0,1,0,0,0,0,1
279,282,61,93,1288,14,44,1451,8,1,0,0,1,0,1
280,283,66,125,1942,21,62,2078,10,3,0,0,1,0,1
281,3053,572,780,16522,74,350,15471,1,2,0,0,0,0,1
282,1803,203,269,11011,42,981,13931,6,2,0,0,3,2,1
283,1102,165,418,14495,60,486,13099,1,1,1,0,0,1,1
284,1472,96,200,9125,34,328,10680,0,1,0,0,0,0,1
285,3248,304,204,13470,17,1066,12791,2,1,0,0,0,0,1
286,2593,645,349,15687,49,832,12392,0,1,0,0,0,0,1
287,2330,156,328,11643,21,595,9112,2,1,0,0,2,0,2
288,1750,133,367,6202,23,151,5420,1,0,0,1,0,0,1
289,1668,584,988,15497,98,608,11225,4,2,0,0,1,0,1
290,1294,53,602,11305,56,290,16753,7,4,0,0,1,0,1
291,2965,202,192,11823,14,800,10432,1,2,0,0,0,0,1
292,1548,242,170,11833,34,404,11089,2,2,0,0,1,0,1
293,2581,122,338,8641,50,459,7459,1,1,0,0,0,1,2
294,3660,445,292,14947,33,763,12978,0,1,0,0,0,0,2
295,2112,88,338,14618,101,444,18885,18,12,3,6,3,1,1
296,1482,126,251,10866,45,413,11513,0,2,0,0,2,0,1
297,4536,437,510,17667,92,718,15936,0,0,1,0,0,0,1
298,983,144,140,10366,14,395,6825,5,5,1,0,1,0,1
299,1696,11,123,3112,12,136,2697,0,1,0,0,0,0,2
300,1820,329,357,8712,21,382,6100,10,3,0,0,0,0,1
301,2929,132,546,21215,55,569,18190,2,1,0,0,0,0,1
302,1875,209,227,9755,33,320,9000,1,1,0,1,0,0,2
303,379,18,22,921,2,53,529,6,1,0,0,0,0,1
304,593,67,175,3408,10,73,2691,0,0,1,0,0,0,1
305,2216,104,288,9667,35,335,6558,8,6,0,2,2,0,1
306,1154,52,177,11330,14,597,16316,1,3,0,0,0,0,8
307,2187,163,448,8844,53,206,8666,2,1,0,0,0,0,2
308,1276,86,263,10472,30,386,9444,0,1,0,0,0,0,1
309,1893,459,169,11449,16,790,10444,2,2,0,0,1,1,1
310,2622,278,250,16236,44,959,12834,1,2,0,0,1,0,1
311,3428,473,333,24071,38,1072,18916,16,7,0,1,1,3,1
312,1974,277,371,7854,21,356,5868,1,2,0,0,0,0,1
313,1236,199,202,8549,30,446,7555,0,1,0,0,0,0,1
314,2852,287,373,19848,51,590,14261,3,2,0,0,0,0,1
315,4232,509,501,28739,46,908,19005,0,2,0,0,0,0,1
316,1518,121,294,6721,42,126,9514,0,0,0,0,0,0,1
317,1336,195,477,10438,88,510,9790,0,2,1,0,0,0,1
318,1735,102,233,9846,35,252,8006,8,2,0,1,1,0,1
319,956,186,380,8594,40,219,7208,4,2,0,0,0,0,1
320,2454,97,232,9286,40,183,7835,0,4,0,0,0,0,1
321,997,77,149,6793,38,125,11478,9,2,0,1,0,0,8
322,3462,879,952,21023,78,1188,14773,0,7,0,0,0,0,1
323,1263,49,673,13349,85,463,13118,4,2,0,0,2,0,2
324,1218,115,328,6982,51,432,5669,4,4,0,0,0,0,1
325,1230,119,354,8387,49,592,8851,4,4,0,0,1,3,1
326,973,52,302,7207,34,332,7207,1,1,0,0,0,0,1
327,2001,303,108,8093,17,566,8798,0,1,0,0,0,0,1
328,1900,444,698,11079,168,521,10583,6,2,0,0,1,0,1
329,2581,478,519,11286,66,963,11466,4,5,0,0,0,0,1
330,943,227,165,7419,21,211,6978,11,16,0,2,1,0,1
331,1277,146,200,7338,28,373,7136,1,1,0,1,0,0,1
332,2739,173,355,10654,90,613,13073,3,3,0,0,0,1,1
333,1377,121,57,5072,6,503,4341,5,2,0,0,0,0,1
334,1478,131,357,11028,55,230,11464,2,1,0,0,0,0,1
335,1619,386,276,10591,14,444,9830,1,2,0,0,0,0,1
336,2022,189,341,9263,62,330,8155,6,3,0,0,2,0,1
337,1691,493,426,10691,52,442,9634,4,5,0,1,0,1,1
338,359,65,140,2028,30,107,2130,1,2,0,0,0,0,1
339,2604,337,473,10930,43,739,8788,0,1,0,0,1,0,1
340,1018,23,203,5522,22,167,6610,1,9,0,0,1,0,1
341,1671,97,378,5697,53,361,7033,2,1,0,0,0,0,1
342,2389,383,143,10782,12,317,9946,4,1,0,0,1,0,1
343,1176,436,594,10059,36,444,6651,4,1,0,0,0,0,1
344,4447,375,350,12375,51,1110,10798,1,3,0,0,0,0,1
345,342,191,171,5736,9,145,6534,24,6,0,1,3,0,1
346,122,28,73,1353,10,42,1376,11,1,0,0,2,0,1
347,4743,402,1438,26558,101,604,19282,3,3,0,0,1,0,1
348,2586,381,406,11056,41,405,9465,2,8,1,0,1,0,1
349,2851,406,785,21064,59,533,16232,3,6,0,0,0,0,1
350,2271,107,417,10308,67,597,10107,4,6,0,0,0,0,1
351,1275,76,169,6753,21,323,6066,0,1,0,1,0,0,1
352,1323,112,141,4981,10,78,3515,2,1,0,0,0,0,1
353,1171,112,159,5435,41,200,7370,0,2,0,0,0,0,1
354,531,5,146,5998,42,186,9906,10,3,0,1,1,0,1
355,1118,190,132,5995,21,151,6050,2,2,0,0,1,0,1
356,2892,393,509,11646,43,478,9270,6,4,0,2,1,0,1
357,4634,23,294,14543,20,584,13721,3,1,0,0,0,0,1
358,2202,303,831,17969,59,546,14529,1,2,0,0,1,0,1
359,2737,580,546,19697,47,806,17926,4,2,0,1,0,0,1
360,4943,538,420,18133,36,451,15345,7,4,0,1,0,0,1
361,2611,1153,545,23337,54,1025,17662,3,4,0,0,0,0,1
362,2241,387,256,11818,32,148,8319,3,1,0,0,2,1,8
363,491,16,102,3897,22,261,9992,474,105,0,67,5,0,1
364,1305,304,263,9432,38,324,7464,2,3,0,0,0,0,1
365,2496,102,316,7463,46,264,6697,0,1,0,0,0,1,1
366,3199,104,174,14579,29,320,17005,3,3,0,0,0,1,1
367,3009,376,288,15583,57,343,15729,6,2,0,0,2,0,1
368,1635,103,329,9142,34,394,10512,1,1,1,0,0,0,1
369,3697,836,766,15826,47,396,9186,0,5,0,0,0,1,1
370,408,91,42,2746,3,99,3165,21,8,0,1,2,0,1
371,2062,340,502,11578,61,496,12976,0,2,0,0,0,0,1
372,718,31,178,5061,31,240,5986,2,1,0,0,0,0,1
373,798,273,132,6988,28,176,6305,5,1,0,0,0,0,1
374,526,100,314,2825,35,61,3175,3,1,0,0,0,0,1
375,1631,285,152,7792,14,80,6731,2,1,0,0,0,0,1
376,1726,252,565,14782,86,778,12772,0,1,0,0,0,0,2
377,1344,148,165,4333,37,459,4710,2,2,0,0,0,0,1
378,1611,128,227,8072,30,170,8067,8,8,0,1,0,0,1
379,2454,158,221,12217,42,632,10853,0,1,0,0,0,0,1
380,1506,245,572,13089,77,1075,15206,6,3,0,0,1,0,1
381,673,81,79,3164,9,58,2967,2,1,0,0,0,1,1
382,545,56,202,5179,38,308,6655,3,3,0,0,0,0,1
383,970,58,126,3302,25,145,3687,2,3,0,0,3,0,1
384,1703,1031,674,21135,37,883,20161,0,2,0,0,0,0,1
385,703,30,91,6941,24,406,8467,5,6,0,3,5,1,1
386,2281,185,421,10055,35,355,7306,1,2,0,0,0,0,1
387,1527,827,703,14042,45,698,10534,6,1,1,1,0,0,1
388,1053,174,278,9820,58,522,7853,1,1,0,1,0,0,1
389,1515,506,349,10977,31,638,14967,2,3,0,0,1,0,1
390,1011,21,110,4289,24,312,10833,2,1,0,0,1,0,1
391,1780,505,317,7347,22,187,4271,3,1,0,1,1,0,1
392,2021,115,312,8321,24,566,8293,2,1,0,0,0,0,2
393,1932,232,247,8907,18,190,7059,1,2,0,0,0,0,8
394,2084,124,396,15616,77,372,18560,2,4,0,0,0,0,1
395,118,6,60,923,7,54,1208,0,1,0,0,0,0,8
396,1539,173,592,15921,47,689,13984,10,8,0,0,3,0,1
397,1059,71,170,8183,20,167,8537,0,0,0,0,1,1,1
398,560,15,63,3565,13,233,5399,12,1,5,0,4,0,1
399,543,31,69,4312,8,218,6409,0,4,0,0,0,0,1
400,1987,265,288,13938,34,581,12810,3,1,0,0,1,1,2
401,2165,197,497,21433,63,907,26835,0,1,0,0,0,0,1
402,873,27,184,5280,24,178,4881,2,4,0,0,1,0,1
403,2406,159,452,22169,48,931,27800,0,0,0,0,0,1,1
404,3065,357,417,15150,67,432,12277,0,2,0,0,0,0,1
405,1546,84,284,9486,25,253,8130,1,3,0,0,1,0,2
406,404,54,79,3524,19,101,4482,0,2,0,0,1,0,1
407,3495,800,714,22792,55,843,17427,14,10,0,3,5,0,1
408,764,252,371,10155,35,672,10111,10,2,0,0,0,0,1
409,1376,97,181,8215,16,201,7034,4,1,0,1,1,0,1
410,1682,412,1258,13879,87,883,15235,13,5,0,1,0,2,8
411,1793,432,331,8176,39,303,5085,3,2,0,0,0,0,1
412,772,153,299,5299,34,267,7311,5,2,1,2,0,0,1
413,1185,36,245,11456,41,237,10352,0,0,1,0,1,0,1
414,2414,41,208,17808,54,292,24042,0,1,0,0,0,0,1
415,1807,312,250,12814,35,781,10818,2,3,0,0,0,1,1
416,1355,137,128,7533,13,217,8365,18,10,0,2,3,0,8
417,2628,90,257,14325,45,178,17110,0,1,0,0,0,0,8
418,262,24,110,3701,23,177,6033,15,7,0,4,2,0,1
419,2475,120,200,19679,29,406,18945,0,1,0,0,2,0,1
420,1455,65,141,10201,11,223,9080,1,1,0,0,0,0,1
421,2192,139,276,8474,54,166,7141,2,2,0,0,1,0,2
422,719,59,42,2928,3,222,2815,7,5,0,0,0,0,1
423,2662,415,1192,15683,160,284,12306,0,1,0,0,0,2,1
424,4370,197,450,25901,45,713,24210,4,2,0,1,0,0,1
425,1882,583,302,13111,31,371,12327,1,1,0,0,1,1,1
426,2303,91,84,6866,4,275,5005,4,0,0,1,0,1,1
427,2245,119,222,13557,28,518,13153,19,1,1,6,7,1,1
428,3673,84,163,11878,16,449,9601,2,1,0,0,1,0,1
429,1438,374,204,9535,38,264,9340,2,0,0,0,0,1,1
430,1511,104,262,11716,21,323,9693,1,0,0,0,0,1,2
431,643,69,199,6126,23,90,6594,0,1,0,0,0,0,2
432,3272,123,426,23473,81,459,26867,7,3,0,1,1,1,1
433,648,100,277,5331,26,369,5460,0,3,0,0,1,0,1
434,1841,391,356,11616,44,586,8835,2,1,0,0,0,0,1
435,3027,412,368,15633,57,543,11730,5,4,1,0,3,0,1
436,546,72,179,2906,23,62,3323,1,0,0,0,0,0,1
437,1619,153,281,8109,50,344,7733,1,2,0,0,1,0,1
438,3106,63,235,13386,40,364,15785,5,2,0,2,0,0,1
439,3174,86,263,14947,53,401,16647,4,2,0,2,1,0,1
440,839,160,94,4347,19,209,4525,2,2,0,0,0,0,1
441,4599,615,455,15680,73,1019,14836,2,1,0,1,2,4,1
442,1323,84,336,5606,35,257,5347,1,1,0,1,0,0,3
443,3108,93,337,17424,57,558,18645,1,1,0,0,0,0,1
444,2644,149,296,15018,42,260,11907,2,0,0,0,1,1,1
445,4614,188,463,27138,53,648,23246,1,1,1,0,0,0,1
446,2614,566,527,14356,59,544,10779,0,0,0,0,0,0,1
447,364,4,51,2358,5,114,2252,0,2,0,0,0,0,2
448,2212,598,874,19289,73,288,13684,0,1,0,0,0,0,1
449,1255,297,443,9824,64,587,9414,1,2,0,0,1,0,1
450,1311,136,438,6890,75,240,7718,0,1,0,0,0,0,1
451,2639,182,419,13148,74,886,7960,1,2,0,0,0,0,1
452,1618,270,354,7742,38,401,10834,0,1,0,0,0,0,1
453,2198,278,569,10908,94,530,10551,0,1,0,0,0,0,1
454,1631,227,334,7536,62,285,7241,0,1,3,2,3,0,9
455,1614,231,180,9077,23,499,10020,2,2,0,0,0,0,1
456,418,20,52,3648,9,55,3219,216,259,0,0,21,0,1
457,2099,430,216,10779,20,238,7708,0,2,0,0,0,0,1
458,1750,458,453,13079,56,842,11368,2,0,1,0,0,0,1
459,2748,564,572,13696,68,243,9816,1,1,0,0,0,0,2
460,1899,131,991,7431,98,87,6841,3,4,0,0,3,2,2
461,2563,66,300,9890,56,435,10006,1,1,1,0,1,0,1
462,2506,110,161,8971,12,296,6300,2,1,0,0,0,0,1
463,4351,223,336,17570,23,490,14598,6,2,0,0,0,1,1
464,2657,134,180,12942,16,669,12152,4,3,0,1,2,3,1
465,0,0,0,0,0,0,0,4,3,0,1,2,3,1
466,2735,601,345,13508,31,330,9289,0,1,0,0,0,0,1
467,3100,328,255,13425,39,189,8166,8,1,0,0,0,0,1
468,1633,189,251,8514,37,415,9238,2,1,0,0,0,0,1
469,4051,170,301,16080,16,441,13136,3,2,0,0,0,0,1
470,6092,176,478,19155,42,559,15281,1,1,0,0,0,0,1
471,4927,176,429,16151,30,572,12777,6,1,0,1,0,0,1
472,2874,201,302,9742,42,403,9279,1,1,0,1,0,0,2
473,2838,505,630,12367,108,475,11153,2,1,0,0,0,0,1
474,2755,108,450,12605,61,262,10597,4,2,0,1,0,0,1
475,2896,375,603,19587,75,521,19369,0,0,0,0,5,4,1
476,2075,78,155,8462,9,269,7250,0,1,0,0,0,1,1
477,3789,404,371,15555,56,390,16509,0,0,0,0,0,0,1
478,3103,155,622,10508,78,401,8373,1,3,0,0,1,0,3
479,2497,373,508,11025,95,153,10736,4,7,0,0,0,1,1
480,988,102,168,5001,26,173,3717,2,3,0,0,0,0,1
481,3452,354,636,21817,96,854,25081,7,3,0,3,0,0,1
482,922,64,159,6012,15,253,6294,1,3,0,2,0,0,1
483,4986,140,437,16979,41,548,13825,1,1,1,0,0,0,1
484,1149,149,377,11996,62,278,14023,4,2,0,0,3,0,1
485,798,108,365,6942,65,517,8483,10,10,0,2,6,0,4
486,1788,291,359,10194,33,505,8699,0,3,0,0,0,0,7
487,339,29,48,3811,8,56,3213,6,1,1,0,1,1,1
488,1727,130,228,8370,18,383,8496,0,2,0,0,0,0,1
489,1115,163,269,10534,42,452,10151,4,3,0,0,0,0,1
490,1539,152,293,9873,21,465,10967,17,8,1,18,1,1,1
491,81,4,9,648,5,17,693,16,6,0,0,4,0,1
492,3749,78,279,11343,33,357,11033,3,1,0,0,0,0,1
493,2952,61,233,9077,13,319,7162,2,1,0,1,0,0,2
494,3568,561,918,12957,104,830,11011,0,3,0,0,0,1,1
495,2113,183,270,12764,25,523,11945,1,5,0,0,1,0,2
496,1000,107,248,5897,27,242,5696,2,2,0,0,0,0,1
497,3598,229,603,22755,70,937,23342,0,0,0,0,2,2,1
498,2713,178,260,13445,36,451,14499,5,4,0,1,1,0,1
499,1795,220,386,10629,31,528,7662,0,1,0,0,0,0,2
500,435,5,89,4427,14,115,4997,4,2,0,1,0,0,1
501,150,14,55,4102,6,56,4051,0,1,0,0,0,0,1
502,440,23,35,3582,4,45,3532,8,3,0,2,0,0,1
503,2790,119,657,6990,75,242,5959,2,3,0,0,1,0,2
504,1120,38,174,5688,24,275,6669,1,0,0,0,0,1,2
505,497,30,33,3817,3,63,3463,1,1,0,0,0,0,1
506,1021,41,103,5308,20,99,5380,4,3,0,0,0,2,1
507,465,51,40,3217,5,144,3263,2,1,0,0,0,0,2
508,817,50,271,8818,41,547,7309,6,6,0,2,0,0,1
509,423,34,103,3548,16,90,4784,10,2,0,1,0,0,1
510,339,31,87,2510,12,73,4481,8,1,0,1,0,0,1
511,1735,414,173,11579,34,516,10481,0,1,0,0,0,0,1
512,1309,83,496,5576,77,192,5846,2,1,0,0,0,2,3
513,644,47,106,4024,18,141,3650,4,4,0,1,1,2,1
514,2311,162,274,11288,25,547,10098,0,0,0,0,0,0,2
515,2284,129,107,8463,17,470,8978,61,21,1,3,2,0,1
516,2159,235,288,10210,51,410,6777,0,2,0,0,0,0,2
517,2126,78,141,9380,46,170,11979,4,1,0,0,0,0,1
518,2548,469,324,8963,34,413,7050,3,1,0,0,1,0,1
519,4628,320,385,16386,40,847,11587,5,2,0,1,0,0,1
520,2382,128,167,8563,11,579,6487,0,0,0,0,0,1,2
521,1109,34,108,9233,8,319,6645,0,0,1,0,0,0,1
522,2890,180,392,18600,65,313,14916,3,2,0,0,2,0,1
523,2046,81,251,12546,36,270,10067,5,3,0,0,0,0,1
524,1764,136,248,7995,21,429,7932,2,4,0,0,0,0,2
525,731,75,133,3402,22,61,3046,4,3,0,0,0,0,1
526,1626,296,757,10532,110,468,10700,6,1,0,0,2,0,1
527,1303,218,288,10010,42,268,9141,0,0,0,0,0,1,1
528,1897,284,471,11788,58,527,9250,1,1,0,0,0,0,7
529,2469,318,472,12674,64,277,9405,3,3,0,0,1,0,2
530,2109,46,153,14341,16,664,18156,3,2,0,0,0,1,1
531,1272,42,63,8050,11,225,7512,5,2,0,2,3,0,1
532,3252,406,308,16493,40,778,13505,4,3,0,0,0,0,1
533,953,125,103,6925,11,267,6375,2,1,0,0,0,0,2
534,1237,162,249,6619,42,512,7070,0,1,0,0,0,0,1
535,1032,173,169,6727,20,608,7123,4,2,0,0,0,0,1
536,1126,241,331,8238,34,536,8036,13,12,0,2,4,2,1
537,144,3,43,2483,4,24,2882,4,2,0,1,0,0,1
538,1075,82,152,12358,20,202,13950,38,11,0,9,4,0,1
539,3306,149,312,17656,36,226,19258,2,1,0,0,1,0,8
540,2971,267,206,14014,37,535,11952,0,2,0,0,0,0,2
541,1608,204,294,9764,27,252,8297,7,5,0,0,4,0,2
542,666,77,166,4168,33,128,4682,0,1,0,0,0,0,1
543,614,11,109,6563,14,211,7546,1,2,0,0,0,0,4
544,4281,192,297,15083,31,583,11399,1,0,1,0,0,0,1
545,6159,177,481,19382,42,563,15481,1,1,0,0,0,0,1
546,1540,72,79,12087,13,230,15105,9,2,0,2,0,0,8
547,1204,95,131,6790,35,183,8899,0,5,0,0,0,0,1
548,2515,479,426,16056,35,462,15737,0,3,0,0,0,0,1
549,3039,68,401,7945,54,426,11590,0,1,0,0,0,0,1
550,3209,441,920,16763,109,358,12213,1,1,0,1,0,0,2
551,860,130,284,9521,32,369,16986,1,4,0,0,0,0,1
552,1673,163,353,8615,35,439,8237,1,1,0,1,0,0,1
553,1748,39,173,6474,30,365,5499,1,2,0,1,1,1,1
554,2037,362,245,14899,43,436,13487,3,1,0,0,1,0,1
555,526,48,64,3555,7,122,4926,1,1,0,0,0,0,1
556,2051,455,1012,18719,85,264,12489,5,5,0,0,1,0,1
557,1075,116,250,7808,14,232,5557,2,2,0,0,0,0,5
558,1337,26,326,5470,19,273,5090,5,6,0,0,0,0,2
559,2258,97,286,12635,21,465,11356,4,11,0,0,3,0,2
560,1923,81,447,10201,74,380,12305,0,0,0,0,0,2,1
561,4203,247,635,13573,99,686,15251,2,0,0,0,0,2,1
562,2779,483,264,14022,54,457,16172,7,4,0,0,1,0,1
563,2465,337,327,14518,78,123,13001,10,6,0,0,1,0,1
564,872,41,249,8483,51,339,13740,0,1,0,0,0,0,1
565,812,46,204,8125,35,269,13969,0,1,0,0,0,0,1
566,5645,880,336,22362,19,1241,17421,1,1,0,1,1,1,7
567,2817,189,195,9329,16,305,6909,0,2,1,0,0,0,1
568,861,204,461,5667,86,351,7498,0,1,0,0,0,0,1
569,2765,88,195,9114,24,574,8141,3,7,0,0,0,0,2
570,773,66,218,11099,56,352,17240,0,1,0,0,3,0,1
571,3323,368,275,13802,49,378,12485,3,2,0,0,0,1,1
572,745,142,78,4186,6,142,3832,8,3,0,0,1,0,1
573,3951,222,383,13566,50,709,12129,1,1,0,0,0,0,2
574,3163,454,266,17293,35,370,14635,1,2,0,0,3,0,1
575,1413,225,114,6521,21,383,5420,1,1,0,0,0,0,1
576,1010,228,414,11922,49,311,17359,1,1,0,0,2,0,1
577,1739,487,410,12965,85,349,13046,1,2,1,0,0,0,1
578,1232,36,74,8142,12,257,5967,0,1,0,0,1,0,1
579,2054,195,251,6605,37,208,5160,0,2,0,0,0,0,1
580,2190,158,377,11154,42,648,12180,1,4,0,0,1,0,8
581,1937,162,305,10495,59,852,12499,0,1,0,0,0,0,1
582,1712,51,145,8086,29,434,9361,1,3,0,0,0,0,1
583,5840,296,313,23717,23,632,20198,3,1,0,1,0,0,1
584,2087,149,256,12158,20,516,9277,0,0,0,0,0,0,2
585,2094,34,178,13575,20,497,14976,0,1,0,1,0,0,1
586,1175,68,159,8425,29,262,7372,9,3,0,0,1,0,8
587,2601,382,559,14404,70,281,9526,3,5,1,0,2,0,1
588,1830,214,453,8865,34,680,9193,2,0,0,0,0,0,3
589,1675,554,444,12613,78,287,13160,7,5,0,0,2,0,1
590,1556,85,264,7514,49,518,7539,2,1,0,2,0,0,2
591,553,265,171,4807,13,86,3984,13,7,0,0,1,2,1
592,2705,425,555,14402,49,543,13402,28,2,0,1,2,0,1
593,2339,99,581,7455,76,350,7025,2,2,0,0,0,0,5
594,72,8,47,641,7,40,941,1,1,0,0,0,0,1
595,421,65,68,4534,9,97,3428,1,1,0,0,0,0,1
596,1037,91,112,6949,9,139,5602,6,4,0,0,3,0,1
597,1210,185,64,8958,6,428,7933,0,1,0,0,0,0,1
598,1733,80,636,8978,115,240,9817,1,1,0,0,0,0,2
599,1512,271,682,11658,67,353,11259,10,2,1,0,0,1,1
600,2409,105,210,10596,36,766,7791,7,0,1,0,0,0,7
601,1885,555,407,11408,52,798,10241,2,5,1,0,0,2,1
602,5739,1010,840,20101,87,705,18957,1,1,0,0,0,0,1
603,84,15,10,357,4,14,365,2,1,0,0,0,0,1
604,1040,171,173,6502,13,259,5412,2,5,0,0,1,0,1
605,1239,228,434,7601,107,190,8052,2,0,0,0,0,0,2
606,1315,133,136,8779,20,424,7512,0,2,1,0,0,0,1
607,1360,174,186,9070,17,174,7819,5,1,0,0,0,0,1
608,3200,257,922,14756,91,947,17602,0,1,0,0,0,0,1
609,1558,37,209,5516,24,364,6122,1,1,0,0,1,0,1
610,1547,91,324,6329,54,420,8478,21,3,0,1,5,0,1
611,2635,409,418,15287,33,521,11904,0,1,0,0,0,0,5
612,791,67,46,5292,6,152,5982,0,3,0,0,0,0,1
613,790,117,56,5784,7,163,5951,0,0,0,1,0,1,1
614,1711,494,551,11830,65,333,9457,0,2,0,0,0,0,1
615,2855,211,528,10527,83,493,10715,7,1,0,0,1,0,1
616,1092,54,178,9072,28,313,9078,5,3,0,1,0,0,1
617,1845,786,1334,12800,218,818,11038,3,15,0,0,0,0,1
618,1434,149,218,6779,25,271,5026,0,1,0,0,0,0,1
619,1385,177,130,7145,15,306,5163,0,1,0,0,0,0,1
620,63,2,9,286,2,11,193,2,1,0,0,1,0,1
621,1677,211,504,10241,51,466,9783,0,1,0,0,0,0,1
622,0,0,0,0,0,0,0,0,1,0,0,0,0,1
623,2483,610,854,14616,74,941,13478,11,16,0,3,0,0,1
624,1410,177,225,5350,19,293,4766,0,1,0,0,0,0,1
625,276,37,35,1622,6,28,1714,0,4,1,0,0,0,1
626,1400,122,126,7268,19,177,6208,0,1,0,0,0,0,1
627,2767,133,264,10373,25,325,10042,3,2,0,0,0,0,2
628,2186,110,311,11517,37,275,9017,0,0,0,0,0,1,2
629,2236,258,646,13012,77,1042,13274,3,2,1,0,2,0,1
630,1314,115,212,6828,27,188,5188,2,1,0,0,0,0,1
631,1296,153,84,7543,9,182,5566,3,1,0,0,2,0,1
632,1441,159,87,7812,17,220,5313,1,0,0,0,1,1,1
633,737,52,66,4658,17,109,5216,9,1,0,1,1,0,1
634,830,184,197,5109,20,240,4886,0,2,0,0,0,0,1
635,1891,130,494,9761,58,226,7313,1,2,0,0,0,0,1
636,871,74,37,5638,3,155,4652,8,1,0,0,1,0,1
637,1734,139,342,9390,25,336,8282,4,4,1,1,0,0,1
638,3565,424,715,14358,110,822,13643,0,2,1,0,0,0,2
639,416,33,50,3830,5,81,3087,7,2,0,1,0,0,1
640,2488,203,318,13570,32,532,14199,1,2,0,0,0,0,1
641,473,32,131,4391,17,84,4920,15,10,0,0,6,0,8
642,1892,249,186,12008,14,453,14207,1,1,0,1,0,0,1
643,1689,254,215,9453,22,376,7871,1,1,0,1,0,0,1
644,1939,170,289,9537,34,343,7876,0,4,0,0,1,1,1
645,1421,109,393,8940,43,286,6191,2,1,0,1,1,0,1
646,2373,150,456,11129,87,328,12229,10,4,0,2,1,0,1
647,2762,361,529,14142,77,799,13562,3,1,0,0,2,0,1
648,1187,60,211,7919,19,292,6992,3,3,0,1,0,0,5
649,2214,93,256,7644,24,565,7818,6,3,0,0,0,0,2
650,767,82,109,4661,8,207,4719,5,3,0,1,1,0,1
651,3151,475,460,16155,99,396,17473,7,3,0,0,1,0,1
652,575,39,41,4829,4,158,3783,1,2,0,0,0,0,1
653,907,107,43,5915,9,117,5103,4,1,0,0,1,0,1
654,2555,704,305,13921,48,419,12903,1,1,0,0,0,0,1
655,706,140,160,5606,21,251,5534,14,7,0,2,2,1,1
656,688,248,161,6044,17,214,4608,0,1,0,0,3,0,1
657,1640,315,267,11868,44,251,9470,0,2,0,1,4,0,1
658,3545,340,957,17273,108,581,13076,6,1,0,0,0,0,2
659,1241,151,80,7072,5,213,5545,0,1,0,0,0,0,1
660,668,82,102,4991,13,148,5508,1,1,0,0,0,0,1
661,736,104,100,4788,17,144,5451,6,2,0,1,0,0,1
662,768,117,147,4632,9,167,5498,2,1,0,0,0,0,1
663,2182,310,333,13150,46,250,9819,0,0,0,0,4,1,1
664,2198,227,374,12762,41,433,11314,0,1,0,0,0,0,1
665,1248,49,200,5617,18,168,4619,10,6,0,1,0,2,1
666,263,40,2,2806,0,148,3014,5,2,0,0,0,1,4
667,881,17,220,3018,7,109,2803,0,1,0,0,0,0,2
668,1072,76,249,7536,25,232,5885,11,7,0,1,0,0,2
669,2611,69,704,9013,96,300,9233,0,3,0,0,3,1,2
670,726,261,134,6041,19,271,5169,5,5,0,1,5,0,1
671,970,334,270,8438,22,230,8748,0,2,0,0,2,0,1
672,1356,404,323,7184,38,348,5985,4,10,0,0,2,0,1
673,2125,375,459,8320,94,304,6772,0,1,0,0,0,0,1
674,955,47,249,3242,31,30,3718,4,3,0,0,1,0,1
675,1055,25,75,4151,4,150,3348,6,8,0,0,1,2,1
676,2106,124,249,8602,21,280,5994,3,1,0,0,0,0,1
677,2243,34,121,8076,7,309,5698,0,1,0,0,1,0,1
678,3195,353,359,24123,31,679,20474,26,7,0,0,1,0,1
679,1184,118,212,7831,39,157,6191,2,3,1,0,0,0,2
680,1865,132,718,34414,128,445,47652,19,5,0,2,3,0,1
681,548,89,67,2838,10,95,2079,1,4,0,0,2,1,1
682,2100,256,305,10160,99,314,9127,10,3,0,2,1,0,1
683,1660,122,113,8172,30,205,8036,0,3,0,0,1,1,1
684,1897,232,190,10780,31,389,9775,1,1,0,0,1,0,2
685,1608,58,696,8297,72,370,6689,4,5,0,1,0,0,1
686,253,130,163,3398,9,221,3239,0,1,0,0,0,0,1
687,475,21,90,2623,57,136,5487,0,5,0,0,4,0,1
688,1517,45,456,14062,103,329,20314,0,3,0,0,1,0,1
689,335,24,47,3031,9,89,3329,17,5,0,1,7,0,1
690,770,125,75,5520,11,99,6916,7,3,0,1,1,0,8
691,1227,91,168,6036,21,101,6676,4,1,0,0,1,0,8
692,1014,64,113,5463,19,87,6256,3,3,1,1,0,0,8
693,1174,299,205,7527,28,114,6043,2,7,0,2,0,1,1
694,1375,331,224,7533,17,143,5043,2,1,0,0,0,0,1
695,1683,284,140,7880,20,145,5490,5,0,0,0,0,1,1
696,1268,82,363,12897,59,214,17065,4,1,0,0,0,2,1
697,969,138,144,5657,15,227,6678,3,1,1,0,0,0,1
698,968,159,168,5966,13,178,6315,1,2,0,0,0,0,1
699,1182,131,185,6174,19,221,7143,0,1,0,0,0,0,1
700,1001,166,223,5897,27,219,8041,6,1,0,0,0,0,1
701,1033,139,250,6716,24,217,7283,5,3,0,1,0,0,1
702,1113,105,250,6277,27,190,7075,2,2,0,0,1,0,1
703,1205,176,364,6453,59,111,7631,3,1,0,0,0,0,2
704,1240,36,245,7421,38,127,6490,7,3,0,0,1,0,1
705,186,3,16,891,4,25,1376,1,1,0,0,0,0,1
706,1603,145,161,9214,16,325,6880,6,2,0,0,0,0,2
707,1880,157,138,10719,24,180,9313,8,0,0,0,1,0,1
708,1219,86,73,7466,18,158,6318,2,4,0,0,0,0,1
709,922,58,106,2802,17,50,3663,3,1,1,0,1,0,1
710,3716,622,430,19770,39,468,17926,5,3,0,0,1,0,1
711,903,190,208,5905,30,144,7663,2,1,0,1,0,0,1
712,1608,5,361,6109,45,104,6659,0,1,1,0,0,0,2
713,1142,47,167,9080,40,418,10176,0,12,0,0,0,0,1
714,3060,355,738,21690,102,621,17907,5,4,0,1,1,0,1
715,3366,351,593,12173,64,956,12585,6,5,0,0,0,0,1
716,2154,153,487,11118,68,410,12034,0,1,0,0,0,0,1
717,931,201,120,5424,26,114,4482,2,1,0,0,0,0,1
718,5334,873,693,26581,66,528,17231,9,4,1,4,4,0,1
719,1400,94,315,5680,25,254,6974,0,1,0,0,0,0,1
720,1133,17,205,4417,12,78,6152,2,1,0,0,0,0,2
721,500,15,63,3297,20,136,5339,0,4,0,0,0,0,1
722,3110,24,220,11494,35,205,12062,2,1,0,0,2,0,3
723,2755,45,129,9714,21,221,9983,6,2,0,0,1,2,3
724,1086,174,176,5569,49,166,4925,2,3,0,0,0,0,1
725,1143,236,140,5998,25,100,5430,5,2,0,0,0,0,1
726,971,115,151,5921,33,112,5403,7,3,0,0,0,0,1
727,1573,528,220,9415,20,183,6495,2,2,0,0,0,1,1
728,1729,201,501,10193,60,403,9289,9,3,0,0,0,0,3
729,1555,260,274,11734,35,510,13491,12,4,0,0,3,0,1
730,690,27,94,5833,26,127,7025,1,1,0,0,0,0,1
731,756,21,81,5840,15,189,7412,1,1,0,0,0,0,1
732,799,45,104,6441,27,149,7228,0,1,0,1,0,0,1
733,862,145,329,5226,35,141,5402,0,1,0,0,0,0,1
734,931,280,262,5258,44,161,5497,2,2,0,0,0,0,1
735,986,128,298,5726,25,208,5566,3,3,0,0,0,0,1
736,1957,274,732,10900,62,448,8060,0,3,0,0,3,0,1
737,881,548,858,8878,141,108,6424,2,2,0,0,0,0,1
738,1716,778,518,7919,109,116,6022,3,5,0,0,0,0,1
739,2935,896,634,16600,59,605,9845,2,2,0,0,0,0,1
740,802,23,50,2526,5,61,1762,2,2,0,0,1,0,1
741,915,39,212,5654,22,238,6036,0,1,0,2,2,0,1
742,2685,118,208,9129,21,625,5798,4,2,0,0,0,0,2
743,914,154,307,4247,30,114,4047,4,3,0,0,6,1,1
744,724,30,229,3203,20,128,4362,1,4,0,0,0,0,1
745,931,173,160,4285,12,146,3941,1,2,1,0,0,0,1
746,1836,341,486,10022,43,255,8863,2,1,0,0,0,1,1
747,1605,89,146,10174,29,780,9771,4,2,0,0,0,1,1
748,1302,74,286,8573,43,196,7733,6,7,0,0,1,0,2
749,1094,95,149,5670,17,161,5330,1,1,0,0,0,0,2
750,774,135,143,6720,17,160,5269,2,1,0,0,0,0,2
751,653,106,115,6030,7,132,4992,11,4,0,0,2,2,2
752,2731,571,408,14237,37,611,12441,1,2,0,0,0,0,1
753,3535,571,419,15774,53,416,11259,2,0,0,0,0,2,1
754,221,28,18,1406,5,13,1524,1,1,0,0,0,0,1
755,2947,397,378,15420,29,694,13315,4,2,0,1,0,0,1
756,2751,360,423,19428,49,669,17739,2,2,0,0,0,0,6
757,761,287,304,5519,49,229,4670,0,3,0,0,0,0,1
758,3526,228,249,17695,71,549,16318,1,1,1,0,0,0,1
759,1183,148,193,8883,34,222,8314,6,0,0,0,1,0,1
760,873,114,132,8983,18,262,7659,10,7,0,0,1,2,1
761,2739,67,141,10715,20,220,11842,2,1,0,1,0,0,8
762,431,121,104,5324,16,137,6119,0,2,2,0,0,0,1
763,3075,53,114,11543,43,217,11045,6,3,0,0,2,0,3
764,713,71,165,5317,30,187,6720,0,2,0,0,0,0,1
765,340,8,42,1792,15,83,3474,0,1,0,0,0,0,1
766,1888,150,96,5437,10,358,4784,2,0,0,0,0,0,1
767,2352,16,154,8583,40,233,9270,2,3,0,0,1,0,8
768,3580,23,208,13727,38,231,13665,1,2,0,0,0,0,1
769,2691,16,114,10362,19,249,12744,6,5,0,0,0,0,8
770,601,25,326,3728,63,92,5096,1,2,0,0,0,0,4
771,3179,246,634,15952,127,825,20243,0,0,0,0,0,1,1
772,571,69,140,2786,19,68,3269,4,3,0,0,0,0,6
773,2557,451,256,9910,33,249,6988,1,1,0,0,0,0,1
774,2318,432,327,10966,31,310,8055,0,2,1,0,1,0,1
775,4283,325,503,18804,53,587,12379,1,0,0,0,0,1,1
776,2601,132,242,9875,23,719,7091,2,2,0,0,0,0,2
777,2222,143,191,9039,15,555,6772,3,1,0,0,0,1,2
778,1536,277,418,12122,56,731,10895,2,4,0,0,1,0,1
779,2572,188,240,8527,32,540,6184,0,1,0,0,0,0,2
780,432,38,57,2290,5,87,2171,1,1,0,0,0,0,1
781,1711,47,257,7281,45,291,9039,3,1,0,0,0,0,3
782,216,31,8,1844,0,71,1753,1,1,0,0,1,0,1
783,2294,11,101,7725,21,163,7789,1,2,0,2,0,0,3
784,3025,9,120,10786,25,238,10452,3,1,0,0,0,0,1
785,2210,9,76,7064,15,161,6966,0,1,0,0,0,0,1
786,1285,13,112,3585,7,134,2536,5,3,0,0,0,0,3
787,2085,205,158,8635,23,574,7648,3,4,0,0,0,0,2
788,2245,203,549,10345,93,204,9200,0,1,0,0,0,0,2
789,576,74,218,6514,11,153,6759,1,3,0,0,2,0,1
790,440,72,221,6963,20,124,7480,4,2,0,0,0,0,1
791,127,20,70,1635,9,40,1753,6,2,0,0,3,3,1
792,907,134,85,3660,9,179,2973,0,1,0,0,0,0,1
793,2313,130,179,8187,13,528,6314,2,1,0,0,0,1,2
794,1958,136,125,7591,14,465,6159,1,1,0,0,0,0,2
795,2599,195,193,9290,20,613,7283,4,0,1,1,0,1,2
796,694,94,127,8386,18,659,8463,5,3,0,0,1,0,1
797,2144,123,247,8401,40,507,9900,12,7,0,1,0,0,1
798,1405,199,649,5953,68,151,3293,5,5,0,0,0,0,1
799,991,26,154,3995,18,100,4269,7,1,0,1,0,0,2
800,2129,91,566,6854,73,184,6671,0,1,0,0,0,0,3
801,3068,593,591,17901,118,362,15617,0,1,0,0,0,0,1
802,3420,502,728,24349,103,1379,25236,0,0,0,0,0,0,7
803,2834,82,407,10635,47,436,10588,1,2,0,0,0,0,2
804,1186,21,79,8037,10,358,9414,0,1,0,0,0,0,2
805,2101,129,81,10044,10,406,8896,1,0,0,0,0,0,1
806,2062,284,574,19785,46,678,16787,1,1,0,1,1,0,1
807,3997,567,573,19315,54,1067,12815,7,6,0,1,0,1,1
808,1950,125,778,9192,63,504,10262,0,2,0,0,0,0,1
809,934,39,22,5445,4,80,5170,0,1,0,0,0,0,1
810,1828,440,396,8778,32,746,8297,0,3,0,0,0,0,2
811,892,2,167,3735,36,126,6310,1,1,0,0,0,0,1
812,900,306,248,5804,37,186,4219,0,0,1,0,0,0,1
813,2413,480,238,12450,23,509,12994,1,1,0,0,0,0,1
814,542,62,95,5201,13,130,5305,6,1,0,0,2,0,1
815,620,50,70,4879,11,135,4505,11,7,0,0,2,1,1
816,467,37,71,4317,16,152,4911,2,1,0,1,0,1,1
817,2155,278,581,9351,49,474,7492,10,7,0,3,2,0,1
818,2412,323,186,12507,34,250,11269,8,3,0,0,2,0,1
819,728,58,77,4031,16,105,5188,1,1,0,0,0,0,1
820,141,7,13,729,1,43,761,5,4,0,0,0,0,1
821,618,73,62,5389,9,71,5900,3,3,0,0,0,0,8
822,1229,77,118,7488,22,293,6060,1,1,0,0,0,0,1
823,1311,93,152,8586,27,341,6088,11,1,0,0,1,1,1
824,406,18,86,4300,3,114,3448,12,5,0,3,3,0,1
825,1730,347,401,12628,49,543,10320,4,6,0,0,0,0,1
826,1852,208,359,8879,36,490,10808,1,1,0,0,0,0,7
827,1761,278,201,15573,18,672,12209,4,1,0,1,0,0,1
828,1766,440,373,11114,30,561,8641,3,5,0,0,1,2,8
829,4341,93,347,13560,31,474,11362,2,2,0,0,0,0,1
830,1148,80,65,6665,15,220,6474,13,7,0,2,2,0,1
831,3724,207,298,13616,41,613,8769,0,1,0,0,0,0,1
832,1671,152,325,15800,72,398,21686,13,5,0,2,0,0,1
833,2558,182,411,19144,66,390,19191,2,1,0,0,0,0,1
834,2047,199,859,10929,111,524,11212,12,3,1,1,1,0,3
835,2521,111,164,9163,17,666,6213,4,2,0,0,2,1,2
836,4971,584,806,23228,71,811,15298,2,2,0,0,0,0,1
837,1917,64,282,23823,54,328,26560,4,1,2,2,0,0,1
838,3053,191,475,10075,31,252,10426,3,1,0,0,0,0,2
839,1884,147,441,18605,63,335,22091,8,3,0,1,0,0,1
840,2128,151,438,16229,59,310,18235,2,1,0,0,0,1,1
841,929,271,355,7283,33,198,7144,8,2,2,0,1,0,1
842,3198,183,381,8670,23,180,8573,1,3,0,0,0,0,2
843,626,22,149,5508,48,138,7979,2,0,0,0,0,2,1
844,714,22,138,5950,26,167,7314,25,4,0,5,1,0,1
845,681,13,129,6892,22,151,7990,10,2,0,1,0,0,1
846,2805,639,574,18202,59,644,14191,4,3,0,0,3,0,7
847,2177,103,611,18420,84,570,20262,12,3,0,2,0,0,1
848,54,200,824,8407,73,122,8957,46,123,1,4,4,2,1
849,2569,236,384,17956,37,1334,22543,3,1,0,0,1,0,2
850,1249,111,162,5996,9,244,7245,5,4,0,2,3,0,1
851,1230,134,243,6569,18,241,6904,2,10,0,0,0,3,1
852,2479,245,405,12565,27,485,14149,2,10,0,0,0,3,1
853,2158,449,574,15183,51,538,16142,0,1,0,0,0,0,1
854,1599,492,419,11174,23,305,10598,2,1,0,0,0,0,1
855,565,15,32,4383,6,87,5299,17,3,0,0,2,0,1
856,539,7,17,4115,7,70,4873,3,2,0,1,2,0,1
857,242,5,11,1787,2,38,2496,4,1,0,0,0,0,1
858,277,2,13,2359,9,34,3126,1,1,0,1,0,0,1
859,548,30,20,4035,1,76,4623,11,3,0,1,0,0,1
860,617,13,36,4265,11,79,4740,1,2,0,1,1,0,1
861,2790,72,129,20951,36,386,25175,1,2,0,1,1,0,1
862,126,26,40,1396,2,43,1722,15,1,1,2,2,0,8
863,1175,34,40,5469,6,160,5151,3,2,0,0,1,1,1
864,2693,113,458,9864,31,585,7771,13,3,0,0,3,0,1
865,1418,107,73,7861,7,209,6791,6,1,0,0,1,0,1
866,1888,253,551,15908,57,894,13056,17,12,0,3,2,1,2
867,1282,294,220,9514,42,285,10411,1,0,0,0,0,1,1
868,182,59,58,1076,9,45,656,5,2,0,1,1,0,6
869,348,99,207,2233,33,117,2323,4,7,1,0,7,0,1
870,1148,81,226,6299,31,139,7752,10,10,0,0,4,0,1
871,662,74,131,2698,12,46,2430,2,2,0,0,0,0,1
872,447,46,197,4221,33,298,4433,0,1,0,0,0,0,1
873,1540,127,316,11315,22,1061,7944,3,2,0,0,0,0,5
874,2334,601,381,13381,53,584,10378,6,6,0,0,0,0,1
875,2794,400,688,17930,124,714,15979,2,1,0,0,0,0,1
876,1900,315,320,9943,50,418,7870,2,2,0,0,1,1,1
877,1418,86,250,16514,23,512,18114,7,3,0,0,1,1,1
878,2979,369,572,15843,109,742,15701,2,2,0,0,1,0,1
879,733,133,216,6240,28,574,9385,2,3,1,0,2,0,7
880,2888,341,155,15767,30,271,12306,2,2,0,0,0,0,7
881,506,52,190,2960,25,67,2726,2,0,0,0,0,0,1
882,312,9,98,1955,15,35,2186,11,10,1,0,0,0,1
883,777,136,289,6066,27,228,5006,0,0,0,0,0,0,1
884,1490,194,539,9752,59,294,8796,1,0,1,0,1,0,1
885,711,104,301,4414,19,84,2751,2,0,0,0,0,0,1
886,179,40,82,1283,11,30,986,10,7,0,0,2,0,1
887,698,131,293,4854,37,131,3355,2,0,0,0,0,0,1
888,1573,274,671,10351,66,240,6994,2,1,0,0,0,1,1
889,2519,225,561,18015,94,468,17732,4,2,0,3,0,0,1
890,5975,429,396,23712,44,1781,22120,4,3,0,0,1,0,1
891,3463,428,602,14068,79,448,11292,9,11,0,1,3,0,5
892,2687,817,710,23630,96,983,16811,0,1,0,0,0,0,1
893,2079,329,440,7799,48,349,8301,3,1,0,0,4,0,1
894,849,66,119,2579,8,139,2494,3,2,0,0,0,0,1
895,2121,252,251,7792,48,240,11641,2,2,1,0,1,0,1
896,1356,147,170,11509,26,147,10959,4,1,0,0,1,0,1
897,704,13,137,2906,17,163,2846,9,3,0,0,1,0,1
898,2700,32,350,7037,59,410,7649,1,3,0,1,0,0,2
899,1357,220,137,7328,9,243,6858,1,0,0,0,0,1,1
900,1035,213,178,10280,17,190,9033,2,1,0,0,1,0,1
901,3256,1002,747,21637,100,724,15616,4,4,0,0,0,0,1
902,575,78,174,4382,35,211,5410,6,3,0,2,0,0,1
903,128,4,49,1597,6,74,2344,3,1,0,0,0,0,1
904,10,0,0,0,0,1,1,0,0,0,0,0,0,1
905,968,16,213,7542,33,288,11034,0,2,0,0,0,0,1
906,21,13,18,693,5,8,1064,16,10,1,1,0,0,1
907,1866,580,260,10066,21,470,7624,1,1,0,0,0,0,1
908,69,13,14,1012,2,13,1210,9,1,0,1,0,0,1
909,65,19,35,1222,4,17,1064,3,2,0,0,0,0,1
910,52,17,22,757,5,18,829,3,6,0,0,4,0,1
911,51,16,57,1168,8,13,1354,7,8,1,4,6,0,1
912,196,65,127,4085,19,46,4359,7,8,1,4,6,0,1
913,2912,477,317,24689,51,1063,20986,2,1,0,0,2,0,1
914,461,35,65,2696,21,107,3199,2,0,0,0,0,2,1
915,2894,553,497,14304,81,770,12811,1,3,0,0,0,0,1
916,684,170,92,4930,12,170,5365,2,1,0,0,0,0,1
917,242,11,24,869,0,58,1038,0,3,0,1,0,1,1
918,1877,614,355,14795,38,614,13800,8,3,1,1,1,0,1
919,2150,993,329,12717,24,315,9865,7,2,0,0,0,0,1
920,683,39,104,3805,10,151,4512,22,12,0,0,1,0,4
921,665,3,132,2804,22,157,2652,4,2,0,0,0,1,1
922,994,139,65,2610,16,149,2181,4,4,0,0,3,4,1
923,5265,87,980,11343,145,550,10376,0,1,0,1,0,0,8
924,1332,131,182,6558,13,489,7293,5,1,0,0,0,0,1
925,1543,868,839,16392,82,608,10672,6,10,0,0,1,0,1
926,2852,449,983,15830,78,239,15235,3,0,0,0,0,1,1
927,3105,933,510,11299,78,596,10059,1,1,0,0,1,0,1
928,1617,297,427,13638,94,1039,14764,4,1,0,1,1,0,1
929,1989,359,530,11207,60,225,12842,1,1,0,0,1,0,1
930,1790,136,406,9099,49,397,10105,3,1,0,0,0,0,1
931,1516,290,265,8048,31,231,7223,7,3,0,0,0,0,1
932,3165,561,668,18376,106,733,16478,6,3,0,1,0,0,1
933,710,42,112,2583,25,174,2972,2,1,0,1,0,0,1
934,1771,238,356,6432,37,304,8050,3,7,0,0,0,0,1
935,911,255,119,4365,5,187,2653,0,2,0,0,1,1,1
936,1815,98,325,7563,81,199,10358,1,2,0,2,0,0,1
937,1167,162,289,6923,42,575,5959,6,1,0,0,1,0,7
938,3357,531,469,16300,61,423,19530,1,1,0,0,0,0,1
939,3624,912,671,17952,118,1215,17529,5,2,0,2,2,0,1
940,1407,79,98,10225,17,878,11422,10,10,0,0,2,0,1
941,3401,307,733,16823,78,486,19558,3,1,1,0,2,0,1
942,2586,308,711,16871,82,680,18702,2,1,0,0,0,0,1
943,1172,60,119,5087,11,113,4009,0,0,0,0,0,0,1
944,900,226,165,7330,21,211,6745,0,1,0,0,0,0,1
945,2461,316,523,17061,52,588,20742,6,3,0,1,0,0,1
946,2979,134,284,13014,21,131,11111,2,1,0,0,0,0,1
947,118,40,13,1912,5,39,2278,0,1,0,1,2,1,1
948,2059,186,289,10202,65,616,11492,3,1,0,0,2,0,1
949,16,0,8,100,1,4,106,2,2,0,2,0,0,2
950,2309,116,440,9679,43,476,7817,1,3,0,0,0,1,1
951,1495,49,324,8854,13,629,8623,0,2,0,0,0,2,2
952,2059,437,416,10518,43,391,8416,0,0,0,0,0,1,1
953,2504,290,463,12343,60,296,10378,3,1,0,0,0,0,8
954,2522,406,215,15820,27,430,15162,2,1,0,1,0,0,1
955,2135,114,481,9880,77,556,11564,2,1,0,0,0,0,8
956,2443,278,659,10202,55,544,6884,1,1,0,0,0,0,1
957,2279,119,416,10510,67,557,10191,3,0,0,0,0,0,1
958,1002,374,259,9397,36,209,10109,0,0,0,0,0,0,1
959,2537,123,524,14811,84,407,13591,3,1,0,0,0,0,2
960,3195,252,453,10106,64,524,7775,1,1,0,0,0,0,2
961,750,36,13,2795,0,82,2734,10,1,2,1,2,0,1
962,854,40,19,3233,2,118,3069,0,0,0,0,0,0,1
963,2040,412,315,16387,89,525,15091,5,2,0,1,0,0,1
964,1701,24,104,7680,30,1200,13412,6,1,0,0,0,0,8
965,2571,29,130,9064,37,1192,12136,2,1,0,0,0,0,8
966,3817,180,378,26379,43,873,24221,5,1,0,1,0,0,1
967,1781,624,358,19232,80,447,19369,6,1,0,1,0,0,1
968,2290,660,501,20499,59,589,17861,11,4,0,2,3,1,1
969,1800,344,275,15657,75,498,15308,6,1,0,1,1,0,1
970,713,12,129,3309,16,142,3506,6,1,0,1,1,2,6
971,769,35,191,5708,24,128,5294,2,2,0,0,1,0,2
972,722,20,175,6524,47,265,12450,40,12,1,9,2,2,2
973,845,29,137,7822,47,397,13205,0,1,0,0,0,0,2
974,608,58,193,8813,41,195,14951,8,5,0,0,4,5,2
975,946,26,238,6957,50,275,10800,73,22,2,5,15,2,2
976,1832,10,111,9084,31,632,12364,4,2,0,1,0,0,1
977,2351,255,718,11656,107,776,10393,0,0,0,0,2,2,1
978,2403,17,251,15853,44,1485,27330,33,9,0,3,4,0,8
979,1451,42,224,7632,30,293,7187,14,9,0,1,0,0,2
980,537,49,41,2108,8,135,2867,13,4,0,2,0,3,1
981,791,13,92,1644,5,53,1089,0,1,0,0,0,0,1
982,140,2,6,198,1,8,124,0,1,0,0,0,0,1
983,1860,119,272,13615,46,989,19185,4,1,0,2,4,1,1
984,1091,10,90,4990,25,301,9235,3,1,0,1,0,1,8
985,2151,252,616,9640,61,377,10607,2,1,0,0,1,0,1
986,237,0,1,641,0,79,918,3,1,0,0,0,0,1
987,943,15,88,1689,7,62,1101,0,1,0,0,0,0,1
988,1144,63,251,8872,53,306,9874,3,3,0,0,0,0,2
989,1777,46,181,7766,35,649,6736,15,2,4,0,7,1,1
990,3838,85,362,15596,29,241,19109,7,3,1,1,2,1,1
991,7080,505,677,50189,74,932,44853,6,0,0,1,0,1,1
992,2255,216,286,12661,25,305,12667,4,2,0,0,0,2,1
993,2055,67,346,11526,64,339,11200,10,6,0,0,0,0,2
994,2532,183,261,7915,24,400,6078,2,3,0,0,2,0,2
995,385,19,61,1859,11,53,2414,0,1,0,0,0,0,1
